ID;Unknown;Date of birth;Time;Sex;Age;Nationality;Race;Relationship status;Religion;Unknown2;Adress;Income;;Unknown3;Unknown4;Unknown5;Type
1000000001;D;1985-11-17 00:00:00.000000;;F;24;english;black;married;roman catholic;2140;Zip codes\Massachusetts\Cambridge\02140\;Low;;2010-11-04 10:43:00.000000;2010-08-18 09:50:00.000000;2010-11-04 10:43:00.000000;DEMO
1000000002;;1966-08-29 00:00:00.000000;;F;44;spanish;white;married;roman catholic;2142;Zip codes\Massachusetts\Cambridge\02142\;Medium;;2010-11-04 10:43:00.000000;2010-08-18 09:50:00.000000;2010-11-04 10:43:00.000000;DEMO
1000000003;B;1969-03-01 00:00:00.000000;;M;41;german;asian;widow;agnostic;1821;Zip codes\Massachusetts\Billerica\01821\;High;;2010-11-04 10:43:00.000000;2010-08-18 09:50:00.000000;2010-11-04 10:43:00.000000;DEMO
1000000004;;1976-08-13 00:00:00.000000;;M;34;english;black;widow;atheist;2303;Zip codes\Massachusetts\Brockton\02303\;Low;;2010-11-04 10:43:00.000000;2010-08-18 09:50:00.000000;2010-11-04 10:43:00.000000;DEMO
1000000005;;1973-06-25 00:00:00.000000;;F;37;english;hispanic;single;roman catholic;1889;Zip codes\Massachusetts\North Reading\01889\;Medium;;2010-11-04 10:43:00.000000;2010-08-18 09:50:00.000000;2010-11-04 10:43:00.000000;DEMO
1000000006;;1981-08-05 00:00:00.000000;;F;29;spanish;black;divorced;atheist;1889;Zip codes\Massachusetts\North Reading\01889\;High;;2010-11-04 10:43:00.000000;2010-08-18 09:50:00.000000;2010-11-04 10:43:00.000000;DEMO
1000000007;;1981-07-10 00:00:00.000000;;M;29;spanish;asian;single;muslim;1061;Zip codes\Massachusetts\Northampton\01061\;Low;;2010-11-04 10:43:00.000000;2010-08-18 09:50:00.000000;2010-11-04 10:43:00.000000;DEMO
1000000008;D;1986-12-16 00:00:00.000000;;M;23;german;hispanic;divorced;roman catholic;2303;Zip codes\Massachusetts\Brockton\02303\;Medium;;2010-11-04 10:43:00.000000;2010-08-18 09:50:00.000000;2010-11-04 10:43:00.000000;DEMO
1000000009;;1989-01-11 00:00:00.000000;;F;21;english;hispanic;single;christian;2124;Zip codes\Massachusetts\Boston\02124\;High;;2010-11-04 10:43:00.000000;2010-08-18 09:50:00.000000;2010-11-04 10:43:00.000000;DEMO
1000000010;;1976-11-23 00:00:00.000000;;F;33;english;hispanic;married;atheist;2140;Zip codes\Massachusetts\Cambridge\02140\;Low;;2010-11-04 10:43:00.000000;2010-08-18 09:50:00.000000;2010-11-04 10:43:00.000000;DEMO
1000000011;;1949-10-19 00:00:00.000000;;F;60;english;white;widow;roman catholic;2152;Zip codes\Massachusetts\Winthrop\02152\;Medium;;2010-11-04 10:43:00.000000;2010-08-18 09:50:00.000000;2010-11-04 10:43:00.000000;DEMO
1000000012;;1991-03-29 00:00:00.000000;;F;19;spanish;black;single;roman catholic;5406;Zip codes\Vermont\Burlington\05406\;High;;2010-11-04 10:43:00.000000;2010-08-18 09:50:00.000000;2010-11-04 10:43:00.000000;DEMO
1000000013;;1927-02-27 00:00:00.000000;;F;83;german;black;single;muslim;2136;Zip codes\Massachusetts\Hyde Park\02136\;Medium;;2010-11-04 10:43:00.000000;2010-08-18 09:50:00.000000;2010-11-04 10:43:00.000000;DEMO
1000000014;ND;1956-05-22 00:00:00.000000;;M;54;german;white;single;roman catholic;1952;Zip codes\Massachusetts\Salisbury\01952\;Low;;2010-11-04 10:43:00.000000;2010-08-18 09:50:00.000000;2010-11-04 10:43:00.000000;DEMO
1000000015;;1978-09-11 00:00:00.000000;;M;32;spanish;hispanic;single;christian;2124;Zip codes\Massachusetts\Boston\02124\;Medium;;2010-11-04 10:43:00.000000;2010-08-18 09:50:00.000000;2010-11-04 10:43:00.000000;DEMO
1000000016;;1983-11-19 00:00:00.000000;;F;26;german;indian;married;jewish;2136;Zip codes\Massachusetts\Hyde Park\02136\;High;;2010-11-04 10:43:00.000000;2010-08-18 09:50:00.000000;2010-11-04 10:43:00.000000;DEMO
1000000017;;1961-09-12 00:00:00.000000;;M;49;english;black;single;christian;1845;Zip codes\Massachusetts\North Andover\01845\;Medium;;2010-11-04 10:43:00.000000;2010-08-18 09:50:00.000000;2010-11-04 10:43:00.000000;DEMO
1000000018;;1939-06-30 00:00:00.000000;;M;71;spanish;indian;divorced;jewish;1845;Zip codes\Massachusetts\North Andover\01845\;Low;;2010-11-04 10:43:00.000000;2010-08-18 09:50:00.000000;2010-11-04 10:43:00.000000;DEMO
1000000019;H;1999-02-05 16:00:00.000000;;M;11;german;indian;single;christian;1821;Zip codes\Massachusetts\Billerica\01821\;Medium;;2010-11-04 10:43:00.000000;2010-08-18 09:50:00.000000;2010-11-04 10:43:00.000000;DEMO
1000000020;;1958-09-15 00:00:00.000000;;M;52;english;black;married;atheist;2169;Zip codes\Massachusetts\Quincy\02169\;High;;2010-11-04 10:43:00.000000;2010-08-18 09:50:00.000000;2010-11-04 10:43:00.000000;DEMO
1000000021;;1976-01-29 00:00:00.000000;;M;34;spanish;black;married;atheist;1936;Zip codes\Massachusetts\Hamilton\01936\;Medium;;2010-11-04 10:43:00.000000;2010-08-18 09:50:00.000000;2010-11-04 10:43:00.000000;DEMO
1000000022;D;1966-10-26 00:00:00.000000;;M;43;spanish;white;widow;muslim;2026;Zip codes\Massachusetts\Dedham\02026\;High;;2010-11-04 10:43:00.000000;2010-08-18 09:50:00.000000;2010-11-04 10:43:00.000000;DEMO
1000000023;;1976-11-04 00:00:00.000000;;M;33;english;hispanic;married;jewish;2142;Zip codes\Massachusetts\Cambridge\02142\;Medium;;2010-11-04 10:43:00.000000;2010-08-18 09:50:00.000000;2010-11-04 10:43:00.000000;DEMO
1000000024;;1979-10-31 00:00:00.000000;;M;30;english;black;married;agnostic;2188;Zip codes\Massachusetts\Weymouth\02188\;Low;;2010-11-04 10:43:00.000000;2010-08-18 09:50:00.000000;2010-11-04 10:43:00.000000;DEMO
1000000025;;1933-10-06 00:00:00.000000;;F;76;spanish;hispanic;widow;roman catholic;2026;Zip codes\Massachusetts\Dedham\02026\;Medium;;2010-11-04 10:43:00.000000;2010-08-18 09:50:00.000000;2010-11-04 10:43:00.000000;DEMO
1000000026;;1945-04-17 00:00:00.000000;;M;65;german;white;single;christian;2124;Zip codes\Massachusetts\Boston\02124\;High;;2010-11-04 10:43:00.000000;2010-08-18 09:50:00.000000;2010-11-04 10:43:00.000000;DEMO
1000000027;;1972-12-17 00:00:00.000000;;M;37;spanish;indian;divorced;jewish;2151;Zip codes\Massachusetts\Revere\02151\;Medium;;2010-11-04 10:43:00.000000;2010-08-18 09:50:00.000000;2010-11-04 10:43:00.000000;DEMO
1000000028;;1969-02-12 00:00:00.000000;;M;41;german;hispanic;widow;muslim;2115;Zip codes\Massachusetts\Boston\02115\;Medium;;2010-11-04 10:43:00.000000;2010-08-18 09:50:00.000000;2010-11-04 10:43:00.000000;DEMO
1000000029;;1985-09-12 00:00:00.000000;;M;25;english;hispanic;widow;atheist;2142;Zip codes\Massachusetts\Cambridge\02142\;Low;;2010-11-04 10:43:00.000000;2010-08-18 09:50:00.000000;2010-11-04 10:43:00.000000;DEMO
1000000030;;1993-09-18 00:00:00.000000;;F;17;spanish;black;single;agnostic;2151;Zip codes\Massachusetts\Revere\02151\;Medium;;2010-11-04 10:43:00.000000;2010-08-18 09:50:00.000000;2010-11-04 10:43:00.000000;DEMO
1000000031;;1960-08-06 00:00:00.000000;;M;50;spanish;hispanic;divorced;muslim;1061;Zip codes\Massachusetts\Northampton\01061\;High;;2010-11-04 10:43:00.000000;2010-08-18 09:50:00.000000;2010-11-04 10:43:00.000000;DEMO
1000000032;;1997-03-19 00:00:00.000000;;F;13;spanish;indian;single;christian;2142;Zip codes\Massachusetts\Cambridge\02142\;Medium;;2010-11-04 10:43:00.000000;2010-08-18 09:50:00.000000;2010-11-04 10:43:00.000000;DEMO
1000000033;;1981-11-19 00:00:00.000000;;M;28;spanish;asian;widow;roman catholic;2169;Zip codes\Massachusetts\Quincy\02169\;Low;;2010-11-04 10:43:00.000000;2010-08-18 09:50:00.000000;2010-11-04 10:43:00.000000;DEMO
1000000034;;1970-06-13 00:00:00.000000;;M;40;english;indian;single;muslim;2152;Zip codes\Massachusetts\Winthrop\02152\;Medium;;2010-11-04 10:43:00.000000;2010-08-18 09:50:00.000000;2010-11-04 10:43:00.000000;DEMO
1000000035;;1988-01-20 00:00:00.000000;;M;22;spanish;black;single;atheist;2185;Zip codes\Massachusetts\Braintree\02185\;High;;2010-11-04 10:43:00.000000;2010-08-18 09:50:00.000000;2010-11-04 10:43:00.000000;DEMO
1000000036;;1968-04-28 00:00:00.000000;;F;42;english;black;single;jewish;2185;Zip codes\Massachusetts\Braintree\02185\;Low;;2010-11-04 10:43:00.000000;2010-08-18 09:50:00.000000;2010-11-04 10:43:00.000000;DEMO
1000000037;;1991-07-06 00:00:00.000000;;M;19;english;indian;single;muslim;2188;Zip codes\Massachusetts\Weymouth\02188\;Medium;;2010-11-04 10:43:00.000000;2010-08-18 09:50:00.000000;2010-11-04 10:43:00.000000;DEMO
1000000038;D;1979-08-31 00:00:00.000000;;M;31;english;asian;widow;agnostic;2191;Zip codes\Massachusetts\Weymouth\02191\;High;;2010-11-04 10:43:00.000000;2010-08-18 09:50:00.000000;2010-11-04 10:43:00.000000;DEMO
1000000039;;1983-05-15 00:00:00.000000;;F;27;german;white;divorced;agnostic;2421;Zip codes\Massachusetts\Lexington\02421\;Medium;;2010-11-04 10:43:00.000000;2010-08-18 09:50:00.000000;2010-11-04 10:43:00.000000;DEMO
1000000040;;1992-03-10 00:00:00.000000;;M;18;english;black;single;muslim;2191;Zip codes\Massachusetts\Weymouth\02191\;High;;2010-11-04 10:43:00.000000;2010-08-18 09:50:00.000000;2010-11-04 10:43:00.000000;DEMO
1000000041;;1994-05-07 00:00:00.000000;;M;16;english;hispanic;single;atheist;1061;Zip codes\Massachusetts\Northampton\01061\;Medium;;2010-11-04 10:43:00.000000;2010-08-18 09:50:00.000000;2010-11-04 10:43:00.000000;DEMO
1000000042;;1979-09-14 00:00:00.000000;;F;31;english;black;single;christian;2152;Zip codes\Massachusetts\Winthrop\02152\;Low;;2010-11-04 10:43:00.000000;2010-08-18 09:50:00.000000;2010-11-04 10:43:00.000000;DEMO
1000000043;;1949-03-11 00:00:00.000000;;M;61;spanish;hispanic;single;christian;3105;Zip codes\New Hampshire\Manchester\03105\;Medium;;2010-11-04 10:43:00.000000;2010-08-18 09:50:00.000000;2010-11-04 10:43:00.000000;DEMO
1000000044;;1994-05-21 00:00:00.000000;;M;16;english;asian;single;atheist;2169;Zip codes\Massachusetts\Quincy\02169\;High;;2010-11-04 10:43:00.000000;2010-08-18 09:50:00.000000;2010-11-04 10:43:00.000000;DEMO
1000000045;;1921-04-06 00:00:00.000000;;F;89;german;asian;married;roman catholic;2458;Zip codes\Massachusetts\Newton\02458\;Medium;;2010-11-04 10:43:00.000000;2010-08-18 09:50:00.000000;2010-11-04 10:43:00.000000;DEMO
1000000046;;1991-11-24 00:00:00.000000;;M;18;english;hispanic;single;muslim;2152;Zip codes\Massachusetts\Winthrop\02152\;High;;2010-11-04 10:43:00.000000;2010-08-18 09:50:00.000000;2010-11-04 10:43:00.000000;DEMO
1000000047;;1971-03-07 00:00:00.000000;;M;39;english;black;divorced;christian;3105;Zip codes\New Hampshire\Manchester\03105\;Medium;;2010-11-04 10:43:00.000000;2010-08-18 09:50:00.000000;2010-11-04 10:43:00.000000;DEMO
1000000048;;1996-04-28 00:00:00.000000;;F;14;spanish;hispanic;single;roman catholic;2026;Zip codes\Massachusetts\Dedham\02026\;Medium;;2010-11-04 10:43:00.000000;2010-08-18 09:50:00.000000;2010-11-04 10:43:00.000000;DEMO
1000000049;;1966-06-21 00:00:00.000000;;M;44;spanish;black;divorced;jewish;2228;Zip codes\Massachusetts\East Boston\02228\;Medium;;2010-11-04 10:43:00.000000;2010-08-18 09:50:00.000000;2010-11-04 10:43:00.000000;DEMO
1000000050;;1989-06-15 00:00:00.000000;;F;21;german;black;single;agnostic;1821;Zip codes\Massachusetts\Billerica\01821\;Medium;;2010-11-04 10:43:00.000000;2010-08-18 09:50:00.000000;2010-11-04 10:43:00.000000;DEMO
1000000051;;1968-03-27 00:00:00.000000;;M;42;english;asian;married;atheist;2303;Zip codes\Massachusetts\Brockton\02303\;Medium;;2010-11-04 10:43:00.000000;2010-08-18 09:50:00.000000;2010-11-04 10:43:00.000000;DEMO
1000000052;;1972-07-07 00:00:00.000000;;M;38;spanish;asian;divorced;muslim;1952;Zip codes\Massachusetts\Salisbury\01952\;Medium;;2010-11-04 10:43:00.000000;2010-08-18 09:50:00.000000;2010-11-04 10:43:00.000000;DEMO
1000000053;;1997-02-19 00:00:00.000000;;M;13;spanish;asian;single;atheist;2228;Zip codes\Massachusetts\East Boston\02228\;High;;2010-11-04 10:43:00.000000;2010-08-18 09:50:00.000000;2010-11-04 10:43:00.000000;DEMO
1000000054;;1944-01-05 00:00:00.000000;;F;66;english;asian;married;roman catholic;2185;Zip codes\Massachusetts\Braintree\02185\;High;;2010-11-04 10:43:00.000000;2010-08-18 09:50:00.000000;2010-11-04 10:43:00.000000;DEMO
1000000055;;1991-07-18 00:00:00.000000;;F;19;english;hispanic;single;christian;3105;Zip codes\New Hampshire\Manchester\03105\;Low;;2010-11-04 10:43:00.000000;2010-08-18 09:50:00.000000;2010-11-04 10:43:00.000000;DEMO
1000000056;;1998-05-23 00:00:00.000000;;F;12;german;black;single;christian;2115;Zip codes\Massachusetts\Boston\02115\;Medium;;2010-11-04 10:43:00.000000;2010-08-18 09:50:00.000000;2010-11-04 10:43:00.000000;DEMO
1000000057;D;1980-06-07 00:00:00.000000;;F;30;german;black;married;roman catholic;2471;Zip codes\Massachusetts\Watertown\02471\;Medium;;2010-11-04 10:43:00.000000;2010-08-18 09:50:00.000000;2010-11-04 10:43:00.000000;DEMO
1000000058;;1991-04-20 00:00:00.000000;;M;19;spanish;hispanic;single;roman catholic;4122;Zip codes\Maine\Portland\04122\;High;;2010-11-04 10:43:00.000000;2010-08-18 09:50:00.000000;2010-11-04 10:43:00.000000;DEMO
1000000059;;1975-02-21 00:00:00.000000;;M;35;german;hispanic;widow;atheist;2458;Zip codes\Massachusetts\Newton\02458\;Low;;2010-11-04 10:43:00.000000;2010-08-18 09:50:00.000000;2010-11-04 10:43:00.000000;DEMO
1000000060;;1972-03-29 00:00:00.000000;;M;38;german;indian;married;atheist;2471;Zip codes\Massachusetts\Watertown\02471\;High;;2010-11-04 10:43:00.000000;2010-08-18 09:50:00.000000;2010-11-04 10:43:00.000000;DEMO
1000000061;;1969-09-30 00:00:00.000000;;M;41;spanish;asian;single;roman catholic;5406;Zip codes\Vermont\Burlington\05406\;Medium;;2010-11-04 10:43:00.000000;2010-08-18 09:50:00.000000;2010-11-04 10:43:00.000000;DEMO
1000000062;;1973-09-10 00:00:00.000000;;M;37;english;white;widow;jewish;1061;Zip codes\Massachusetts\Northampton\01061\;Low;;2010-11-04 10:43:00.000000;2010-08-18 09:50:00.000000;2010-11-04 10:43:00.000000;DEMO
1000000063;;1962-05-23 00:00:00.000000;;F;48;german;black;widow;christian;2421;Zip codes\Massachusetts\Lexington\02421\;Medium;;2010-11-04 10:43:00.000000;2010-08-18 09:50:00.000000;2010-11-04 10:43:00.000000;DEMO
1000000064;ND;1984-12-08 00:00:00.000000;;M;25;spanish;asian;single;agnostic;1936;Zip codes\Massachusetts\Hamilton\01936\;High;;2010-11-04 10:43:00.000000;2010-08-18 09:50:00.000000;2010-11-04 10:43:00.000000;DEMO
1000000065;;1998-06-07 00:00:00.000000;;M;11;english;asian;single;atheist;4122;Zip codes\Maine\Portland\04122\;Medium;;2010-11-04 10:43:00.000000;2010-08-18 09:50:00.000000;2010-11-04 10:43:00.000000;DEMO
1000000066;;1988-05-12 00:00:00.000000;;F;22;english;black;single;agnostic;2127;Zip codes\Massachusetts\Boston\02127\;Low;;2010-11-04 10:43:00.000000;2010-08-18 09:50:00.000000;2010-11-04 10:43:00.000000;DEMO
1000000067;;1982-06-30 00:00:00.000000;;F;28;english;black;married;muslim;1845;Zip codes\Massachusetts\North Andover\01845\;Medium;;2010-11-04 10:43:00.000000;2010-08-18 09:50:00.000000;2010-11-04 10:43:00.000000;DEMO
1000000068;;1980-03-13 00:00:00.000000;;F;30;english;black;widow;roman catholic;3105;Zip codes\New Hampshire\Manchester\03105\;High;;2010-11-04 10:43:00.000000;2010-08-18 09:50:00.000000;2010-11-04 10:43:00.000000;DEMO
1000000069;;1969-10-19 00:00:00.000000;;M;40;spanish;black;divorced;agnostic;4122;Zip codes\Maine\Portland\04122\;High;;2010-11-04 10:43:00.000000;2010-08-18 09:50:00.000000;2010-11-04 10:43:00.000000;DEMO
1000000070;;1972-03-07 00:00:00.000000;;M;38;german;black;widow;atheist;2472;Zip codes\Massachusetts\Watertown\02472\;Medium;;2010-11-04 10:43:00.000000;2010-08-18 09:50:00.000000;2010-11-04 10:43:00.000000;DEMO
1000000071;Y;1923-06-30 00:00:00.000000;2010-06-09 00:00:00.000000;F;87;german;black;widow;agnostic;2421;Zip codes\Massachusetts\Lexington\02421\;High;;2010-11-04 10:43:00.000000;2010-08-18 09:50:00.000000;2010-11-04 10:43:00.000000;DEMO
1000000072;;1997-03-24 00:00:00.000000;;M;13;spanish;asian;single;muslim;1936;Zip codes\Massachusetts\Hamilton\01936\;Medium;;2010-11-04 10:43:00.000000;2010-08-18 09:50:00.000000;2010-11-04 10:43:00.000000;DEMO
1000000073;;1968-08-25 00:00:00.000000;;M;42;german;hispanic;married;jewish;2124;Zip codes\Massachusetts\Boston\02124\;Low;;2010-11-04 10:43:00.000000;2010-08-18 09:50:00.000000;2010-11-04 10:43:00.000000;DEMO
1000000074;;1964-10-20 00:00:00.000000;;F;45;english;hispanic;widow;muslim;2136;Zip codes\Massachusetts\Hyde Park\02136\;Medium;;2010-11-04 10:43:00.000000;2010-08-18 09:50:00.000000;2010-11-04 10:43:00.000000;DEMO
1000000075;;1958-09-27 00:00:00.000000;;F;51;english;black;married;agnostic;2151;Zip codes\Massachusetts\Revere\02151\;High;;2010-11-04 10:43:00.000000;2010-08-18 09:50:00.000000;2010-11-04 10:43:00.000000;DEMO
1000000076;;1948-03-17 00:00:00.000000;;M;62;german;black;widow;christian;3062;Zip codes\New Hampshire\Nashua\03062\;Medium;;2010-11-04 10:43:00.000000;2010-08-18 09:50:00.000000;2010-11-04 10:43:00.000000;DEMO
1000000077;;1996-12-20 00:00:00.000000;;M;13;spanish;black;single;jewish;2136;Zip codes\Massachusetts\Hyde Park\02136\;High;;2010-11-04 10:43:00.000000;2010-08-18 09:50:00.000000;2010-11-04 10:43:00.000000;DEMO
1000000078;;1980-02-28 00:00:00.000000;;F;30;english;white;divorced;muslim;3062;Zip codes\New Hampshire\Nashua\03062\;Medium;;2010-11-04 10:43:00.000000;2010-08-18 09:50:00.000000;2010-11-04 10:43:00.000000;DEMO
1000000079;F;1978-01-01 00:00:00.000000;;F;31;spanish;asian;married;muslim;2127;Zip codes\Massachusetts\Boston\02127\;Low;;2010-11-04 10:43:00.000000;2010-08-18 09:50:00.000000;2010-11-04 10:43:00.000000;DEMO
1000000080;;1976-10-12 00:00:00.000000;;M;33;english;indian;single;roman catholic;2026;Zip codes\Massachusetts\Dedham\02026\;Medium;;2010-11-04 10:43:00.000000;2010-08-18 09:50:00.000000;2010-11-04 10:43:00.000000;DEMO
1000000081;;1997-04-22 00:00:00.000000;;M;13;spanish;black;single;atheist;2421;Zip codes\Massachusetts\Lexington\02421\;High;;2010-11-04 10:43:00.000000;2010-08-18 09:50:00.000000;2010-11-04 10:43:00.000000;DEMO
1000000082;;1956-05-25 00:00:00.000000;;F;54;german;hispanic;married;jewish;2471;Zip codes\Massachusetts\Watertown\02471\;Low;;2010-11-04 10:43:00.000000;2010-08-18 09:50:00.000000;2010-11-04 10:43:00.000000;DEMO
1000000083;;1944-12-02 00:00:00.000000;;F;65;german;black;single;agnostic;2127;Zip codes\Massachusetts\Boston\02127\;Low;;2010-11-04 10:43:00.000000;2010-08-18 09:50:00.000000;2010-11-04 10:43:00.000000;DEMO
1000000084;;1985-05-08 00:00:00.000000;;M;25;english;black;divorced;christian;2026;Zip codes\Massachusetts\Dedham\02026\;Low;;2010-11-04 10:43:00.000000;2010-08-18 09:50:00.000000;2010-11-04 10:43:00.000000;DEMO
1000000085;;1947-01-28 00:00:00.000000;;F;63;english;indian;married;christian;5406;Zip codes\Vermont\Burlington\05406\;Medium;;2010-11-04 10:43:00.000000;2010-08-18 09:50:00.000000;2010-11-04 10:43:00.000000;DEMO
1000000086;D;1968-10-04 00:00:00.000000;;F;41;german;hispanic;married;muslim;2127;Zip codes\Massachusetts\Boston\02127\;High;;2010-11-04 10:43:00.000000;2010-08-18 09:50:00.000000;2010-11-04 10:43:00.000000;DEMO
1000000087;;1955-01-26 00:00:00.000000;;M;55;spanish;asian;divorced;muslim;2188;Zip codes\Massachusetts\Weymouth\02188\;Low;;2010-11-04 10:43:00.000000;2010-08-18 09:50:00.000000;2010-11-04 10:43:00.000000;DEMO
1000000088;;1995-07-31 00:00:00.000000;;M;15;german;asian;single;agnostic;1889;Zip codes\Massachusetts\North Reading\01889\;Medium;;2010-11-04 10:43:00.000000;2010-08-18 09:50:00.000000;2010-11-04 10:43:00.000000;DEMO
1000000089;;1965-12-23 00:00:00.000000;;M;44;german;black;married;agnostic;1936;Zip codes\Massachusetts\Hamilton\01936\;High;;2010-11-04 10:43:00.000000;2010-08-18 09:50:00.000000;2010-11-04 10:43:00.000000;DEMO
1000000090;;1968-08-15 00:00:00.000000;;M;42;german;indian;single;roman catholic;2241;Zip codes\Massachusetts\Boston\02241\;Medium;;2010-11-04 10:43:00.000000;2010-08-18 09:50:00.000000;2010-11-04 10:43:00.000000;DEMO
1000000091;;1996-10-13 00:00:00.000000;;M;13;spanish;asian;single;muslim;2458;Zip codes\Massachusetts\Newton\02458\;High;;2010-11-04 10:43:00.000000;2010-08-18 09:50:00.000000;2010-11-04 10:43:00.000000;DEMO
1000000092;;1970-06-29 00:00:00.000000;;M;40;english;black;married;muslim;3062;Zip codes\New Hampshire\Nashua\03062\;High;;2010-11-04 10:43:00.000000;2010-08-18 09:50:00.000000;2010-11-04 10:43:00.000000;DEMO
1000000093;;1979-09-05 00:00:00.000000;;F;30;english;black;divorced;agnostic;5406;Zip codes\Vermont\Burlington\05406\;Low;;2010-11-04 10:43:00.000000;2010-08-18 09:50:00.000000;2010-11-04 10:43:00.000000;DEMO
1000000094;;1997-12-15 00:00:00.000000;;F;12;english;hispanic;single;jewish;2241;Zip codes\Massachusetts\Boston\02241\;Medium;;2010-11-04 10:43:00.000000;2010-08-18 09:50:00.000000;2010-11-04 10:43:00.000000;DEMO
1000000095;;1957-05-05 00:00:00.000000;;M;53;german;indian;widow;atheist;2472;Zip codes\Massachusetts\Watertown\02472\;Medium;;2010-11-04 10:43:00.000000;2010-08-18 09:50:00.000000;2010-11-04 10:43:00.000000;DEMO
1000000096;B;1934-05-01 00:00:00.000000;;F;76;spanish;black;married;christian;2228;Zip codes\Massachusetts\East Boston\02228\;Medium;;2010-11-04 10:43:00.000000;2010-08-18 09:50:00.000000;2010-11-04 10:43:00.000000;DEMO
1000000097;;1981-06-27 00:00:00.000000;;M;29;spanish;white;married;roman catholic;2151;Zip codes\Massachusetts\Revere\02151\;Medium;;2010-11-04 10:43:00.000000;2010-08-18 09:50:00.000000;2010-11-04 10:43:00.000000;DEMO
1000000098;;1986-02-10 00:00:00.000000;;F;24;english;asian;widow;jewish;2228;Zip codes\Massachusetts\East Boston\02228\;Low;;2010-11-04 10:43:00.000000;2010-08-18 09:50:00.000000;2010-11-04 10:43:00.000000;DEMO
1000000099;;1974-06-07 00:00:00.000000;;M;36;german;black;married;roman catholic;1845;Zip codes\Massachusetts\North Andover\01845\;High;;2010-11-04 10:43:00.000000;2010-08-18 09:50:00.000000;2010-11-04 10:43:00.000000;DEMO
1000000100;;1992-03-08 00:00:00.000000;;M;18;english;hispanic;single;christian;3062;Zip codes\New Hampshire\Nashua\03062\;High;;2010-11-04 10:43:00.000000;2010-08-18 09:50:00.000000;2010-11-04 10:43:00.000000;DEMO
1000000101;T;1951-11-27 00:00:00.000000;2010-05-10 02:44:00.000000;M;58;spanish;asian;married;muslim;2191;Zip codes\Massachusetts\Weymouth\02191\;High;;2010-11-04 10:43:00.000000;2010-08-18 09:50:00.000000;2010-11-04 10:43:00.000000;DEMO
1000000102;;1975-11-03 00:00:00.000000;;M;34;spanish;indian;widow;christian;2136;Zip codes\Massachusetts\Hyde Park\02136\;Low;;2010-11-04 10:43:00.000000;2010-08-18 09:50:00.000000;2010-11-04 10:43:00.000000;DEMO
1000000103;;1977-03-22 00:00:00.000000;;F;33;english;black;divorced;atheist;2228;Zip codes\Massachusetts\East Boston\02228\;Medium;;2010-11-04 10:43:00.000000;2010-08-18 09:50:00.000000;2010-11-04 10:43:00.000000;DEMO
1000000104;;1979-12-21 00:00:00.000000;;M;30;english;hispanic;widow;muslim;4122;Zip codes\Maine\Portland\04122\;High;;2010-11-04 10:43:00.000000;2010-08-18 09:50:00.000000;2010-11-04 10:43:00.000000;DEMO
1000000105;;1944-07-21 00:00:00.000000;;M;66;german;hispanic;divorced;muslim;2241;Zip codes\Massachusetts\Boston\02241\;Medium;;2010-11-04 10:43:00.000000;2010-08-18 09:50:00.000000;2010-11-04 10:43:00.000000;DEMO
1000000106;;1981-12-05 00:00:00.000000;;M;28;spanish;indian;widow;atheist;1952;Zip codes\Massachusetts\Salisbury\01952\;Medium;;2010-11-04 10:43:00.000000;2010-08-18 09:50:00.000000;2010-11-04 10:43:00.000000;DEMO
1000000107;;1980-05-05 00:00:00.000000;;M;30;german;hispanic;divorced;muslim;2472;Zip codes\Massachusetts\Watertown\02472\;Low;;2010-11-04 10:43:00.000000;2010-08-18 09:50:00.000000;2010-11-04 10:43:00.000000;DEMO
1000000108;;1944-01-02 00:00:00.000000;;M;66;english;asian;widow;atheist;2303;Zip codes\Massachusetts\Brockton\02303\;Medium;;2010-11-04 10:43:00.000000;2010-08-18 09:50:00.000000;2010-11-04 10:43:00.000000;DEMO
1000000109;;1947-03-19 00:00:00.000000;;M;63;english;hispanic;single;atheist;2115;Zip codes\Massachusetts\Boston\02115\;High;;2010-11-04 10:43:00.000000;2010-08-18 09:50:00.000000;2010-11-04 10:43:00.000000;DEMO
1000000110;;1972-02-06 00:00:00.000000;;M;38;german;hispanic;divorced;atheist;2188;Zip codes\Massachusetts\Weymouth\02188\;High;;2010-11-04 10:43:00.000000;2010-08-18 09:50:00.000000;2010-11-04 10:43:00.000000;DEMO
1000000111;;1961-06-18 00:00:00.000000;;M;49;english;black;divorced;atheist;1889;Zip codes\Massachusetts\North Reading\01889\;Low;;2010-11-04 10:43:00.000000;2010-08-18 09:50:00.000000;2010-11-04 10:43:00.000000;DEMO
1000000112;;1993-05-17 00:00:00.000000;;M;17;spanish;black;single;jewish;1952;Zip codes\Massachusetts\Salisbury\01952\;Medium;;2010-11-04 10:43:00.000000;2010-08-18 09:50:00.000000;2010-11-04 10:43:00.000000;DEMO
1000000113;;1998-01-04 00:00:00.000000;;F;12;english;asian;single;roman catholic;2185;Zip codes\Massachusetts\Braintree\02185\;Medium;;2010-11-04 10:43:00.000000;2010-08-18 09:50:00.000000;2010-11-04 10:43:00.000000;DEMO
1000000114;;1979-12-18 00:00:00.000000;;F;30;english;hispanic;divorced;atheist;1821;Zip codes\Massachusetts\Billerica\01821\;Medium;;2010-11-04 10:43:00.000000;2010-08-18 09:50:00.000000;2010-11-04 10:43:00.000000;DEMO
1000000115;;1997-07-25 00:00:00.000000;;F;13;english;black;single;muslim;2303;Zip codes\Massachusetts\Brockton\02303\;Medium;;2010-11-04 10:43:00.000000;2010-08-18 09:50:00.000000;2010-11-04 10:43:00.000000;DEMO
1000000116;;1996-05-24 00:00:00.000000;;M;14;spanish;black;single;muslim;1845;Zip codes\Massachusetts\North Andover\01845\;High;;2010-11-04 10:43:00.000000;2010-08-18 09:50:00.000000;2010-11-04 10:43:00.000000;DEMO
1000000117;;1997-09-25 00:00:00.000000;;M;12;english;indian;single;jewish;2140;Zip codes\Massachusetts\Cambridge\02140\;Medium;;2010-11-04 10:43:00.000000;2010-08-18 09:50:00.000000;2010-11-04 10:43:00.000000;DEMO
1000000118;D;1975-08-04 00:00:00.000000;;M;35;spanish;black;divorced;christian;2421;Zip codes\Massachusetts\Lexington\02421\;Medium;;2010-11-04 10:43:00.000000;2010-08-18 09:50:00.000000;2010-11-04 10:43:00.000000;DEMO
1000000119;;1937-12-25 00:00:00.000000;;F;72;english;white;divorced;jewish;2142;Zip codes\Massachusetts\Cambridge\02142\;High;;2010-11-04 10:43:00.000000;2010-08-18 09:50:00.000000;2010-11-04 10:43:00.000000;DEMO
1000000120;;1974-04-01 00:00:00.000000;;M;36;english;hispanic;widow;christian;2169;Zip codes\Massachusetts\Quincy\02169\;Medium;;2010-11-04 10:43:00.000000;2010-08-18 09:50:00.000000;2010-11-04 10:43:00.000000;DEMO
1000000121;;1962-08-31 00:00:00.000000;;M;48;german;black;single;atheist;2458;Zip codes\Massachusetts\Newton\02458\;Low;;2010-11-04 10:43:00.000000;2010-08-18 09:50:00.000000;2010-11-04 10:43:00.000000;DEMO
1000000122;;1999-04-13 00:00:00.000000;;F;11;german;indian;single;atheist;2124;Zip codes\Massachusetts\Boston\02124\;Medium;;2010-11-04 10:43:00.000000;2010-08-18 09:50:00.000000;2010-11-04 10:43:00.000000;DEMO
1000000123;;1983-09-30 00:00:00.000000;;M;26;german;indian;single;roman catholic;2458;Zip codes\Massachusetts\Newton\02458\;High;;2010-11-04 10:43:00.000000;2010-08-18 09:50:00.000000;2010-11-04 10:43:00.000000;DEMO
1000000124;;1978-07-05 00:00:00.000000;;F;32;spanish;indian;single;agnostic;2241;Zip codes\Massachusetts\Boston\02241\;Medium;;2010-11-04 10:43:00.000000;2010-08-18 09:50:00.000000;2010-11-04 10:43:00.000000;DEMO
1000000125;;1977-08-29 00:00:00.000000;;F;33;german;indian;divorced;christian;2185;Zip codes\Massachusetts\Braintree\02185\;Medium;;2010-11-04 10:43:00.000000;2010-08-18 09:50:00.000000;2010-11-04 10:43:00.000000;DEMO
1000000126;;1992-10-05 00:00:00.000000;;M;17;german;indian;single;roman catholic;2472;Zip codes\Massachusetts\Watertown\02472\;High;;2010-11-04 10:43:00.000000;2010-08-18 09:50:00.000000;2010-11-04 10:43:00.000000;DEMO
1000000127;D;1989-07-06 00:00:00.000000;;M;21;german;indian;single;christian;2115;Zip codes\Massachusetts\Boston\02115\;Medium;;2010-11-04 10:43:00.000000;2010-08-18 09:50:00.000000;2010-11-04 10:43:00.000000;DEMO
1000000128;;1967-11-02 00:00:00.000000;;F;42;english;black;divorced;christian;2140;Zip codes\Massachusetts\Cambridge\02140\;High;;2010-11-04 10:43:00.000000;2010-08-18 09:50:00.000000;2010-11-04 10:43:00.000000;DEMO
1000000129;;1971-12-25 00:00:00.000000;;M;38;german;hispanic;married;muslim;2191;Zip codes\Massachusetts\Weymouth\02191\;Medium;;2010-11-04 10:43:00.000000;2010-08-18 09:50:00.000000;2010-11-04 10:43:00.000000;DEMO
1000000130;F;1980-01-01 00:00:00.000000;;F;30;english;black;widow;jewish;2115;Zip codes\Massachusetts\Boston\02115\;Low;;2010-11-04 10:43:00.000000;2010-08-18 09:50:00.000000;2010-11-04 10:43:00.000000;DEMO
1000000131;;1988-04-29 00:00:00.000000;;M;22;english;asian;single;atheist;2241;Zip codes\Massachusetts\Boston\02241\;Medium;;2010-11-04 10:43:00.000000;2010-08-18 09:50:00.000000;2010-11-04 10:43:00.000000;DEMO
1000000132;;1998-08-30 00:00:00.000000;;M;12;german;hispanic;single;atheist;2127;Zip codes\Massachusetts\Boston\02127\;High;;2010-11-04 10:43:00.000000;2010-08-18 09:50:00.000000;2010-11-04 10:43:00.000000;DEMO
1000000133;;1993-09-06 00:00:00.000000;;F;16;spanish;asian;single;roman catholic;2471;Zip codes\Massachusetts\Watertown\02471\;High;;2010-11-04 10:43:00.000000;2010-08-18 09:50:00.000000;2010-11-04 10:43:00.000000;DEMO
1000000134;;2010-10-05 00:00:00.000000;;F;1;english;white;single;roman catholic;2471;Zip codes\Massachusetts\Watertown\02471\;Low;;2012-02-16 10:43:00.000000;2012-02-16 09:50:00.000000;2012-02-16 10:43:00.000000;DEMO